OA11CD,WD11CD,WD11NM,WD11NMW,SMPOPIND,PERCENTAGE_BF,LAD11CD,LAD11NM,LAD11NMW,ObjectId
E00145774,E05006576,Cholsey and Wallingford South,,0,100,E07000179,South Oxfordshire,,138009
E00145775,E05006576,Cholsey and Wallingford South,,0,100,E07000179,South Oxfordshire,,138015
E00145776,E05006576,Cholsey and Wallingford South,,0,100,E07000179,South Oxfordshire,,138021
E00145777,E05006576,Cholsey and Wallingford South,,0,100,E07000179,South Oxfordshire,,138027
E00145723,E05006572,Brightwell,,0,100,E07000179,South Oxfordshire,,138031
E00145678,E05006569,Aston Rowant,,0,100,E07000179,South Oxfordshire,,138079
E00145778,E05006576,Cholsey and Wallingford South,,0,100,E07000179,South Oxfordshire,,138084
E00145679,E05006569,Aston Rowant,,0,100,E07000179,South Oxfordshire,,138085
E00145724,E05006572,Brightwell,,0,100,E07000179,South Oxfordshire,,138090
E00145779,E05006576,Cholsey and Wallingford South,,0,100,E07000179,South Oxfordshire,,138091
E00145680,E05006569,Aston Rowant,,0,100,E07000179,South Oxfordshire,,138092
E00145725,E05006572,Brightwell,,0,100,E07000179,South Oxfordshire,,138097
E00145681,E05006569,Aston Rowant,,0,100,E07000179,South Oxfordshire,,138098
E00145780,E05006576,Cholsey and Wallingford South,,0,100,E07000179,South Oxfordshire,,138099
E00145727,E05006572,Brightwell,,0,100,E07000179,South Oxfordshire,,138104
E00145682,E05006569,Aston Rowant,,0,100,E07000179,South Oxfordshire,,138105
E00145781,E05006576,Cholsey and Wallingford South,,0,100,E07000179,South Oxfordshire,,138106
E00145729,E05006572,Brightwell,,0,100,E07000179,South Oxfordshire,,138111
E00145683,E05006569,Aston Rowant,,0,100,E07000179,South Oxfordshire,,138112
E00145783,E05006576,Cholsey and Wallingford South,,0,100,E07000179,South Oxfordshire,,138113
E00145684,E05006569,Aston Rowant,,0,100,E07000179,South Oxfordshire,,138154
E00145685,E05006570,Benson,,0,100,E07000179,South Oxfordshire,,138158
E00145730,E05006572,Brightwell,,0,100,E07000179,South Oxfordshire,,138161
E00145686,E05006570,Benson,,0,100,E07000179,South Oxfordshire,,138163
E00145731,E05006572,Brightwell,,0,100,E07000179,South Oxfordshire,,138166
E00145732,E05006572,Brightwell,,0,100,E07000179,South Oxfordshire,,138167
E00173188,E05006572,Brightwell,,0,100,E07000179,South Oxfordshire,,138168
E00145733,E05006573,Chalgrove,,0,100,E07000179,South Oxfordshire,,138169
E00145734,E05006573,Chalgrove,,0,100,E07000179,South Oxfordshire,,138170
E00145735,E05006573,Chalgrove,,0,100,E07000179,South Oxfordshire,,138171
E00145736,E05006573,Chalgrove,,0,100,E07000179,South Oxfordshire,,138172
E00145737,E05006573,Chalgrove,,0,100,E07000179,South Oxfordshire,,138173
E00145738,E05006573,Chalgrove,,0,100,E07000179,South Oxfordshire,,138174
E00145739,E05006573,Chalgrove,,0,100,E07000179,South Oxfordshire,,138175
E00145740,E05006573,Chalgrove,,0,100,E07000179,South Oxfordshire,,138176
E00145741,E05006573,Chalgrove,,0,100,E07000179,South Oxfordshire,,138177
E00145742,E05006574,Chiltern Woods,,0,100,E07000179,South Oxfordshire,,138178
E00145743,E05006574,Chiltern Woods,,0,100,E07000179,South Oxfordshire,,138179
E00145744,E05006574,Chiltern Woods,,0,100,E07000179,South Oxfordshire,,138180
E00145745,E05006574,Chiltern Woods,,0,100,E07000179,South Oxfordshire,,138181
E00145746,E05006574,Chiltern Woods,,0,100,E07000179,South Oxfordshire,,138182
E00145747,E05006574,Chiltern Woods,,0,100,E07000179,South Oxfordshire,,138183
E00145748,E05006574,Chiltern Woods,,0,100,E07000179,South Oxfordshire,,138184
E00145749,E05006574,Chiltern Woods,,0,100,E07000179,South Oxfordshire,,138185
E00145750,E05006575,Chinnor,,0,100,E07000179,South Oxfordshire,,138186
E00145751,E05006575,Chinnor,,0,100,E07000179,South Oxfordshire,,138187
E00145752,E05006575,Chinnor,,0,100,E07000179,South Oxfordshire,,138188
E00145753,E05006575,Chinnor,,0,100,E07000179,South Oxfordshire,,138189
E00145754,E05006575,Chinnor,,0,100,E07000179,South Oxfordshire,,138190
E00145755,E05006575,Chinnor,,0,100,E07000179,South Oxfordshire,,138191
E00145756,E05006575,Chinnor,,0,100,E07000179,South Oxfordshire,,138192
E00145757,E05006575,Chinnor,,0,100,E07000179,South Oxfordshire,,138193
E00145758,E05006575,Chinnor,,0,100,E07000179,South Oxfordshire,,138194
E00145759,E05006575,Chinnor,,0,100,E07000179,South Oxfordshire,,138195
E00145760,E05006575,Chinnor,,0,100,E07000179,South Oxfordshire,,138196
E00145761,E05006575,Chinnor,,0,100,E07000179,South Oxfordshire,,138197
E00145762,E05006575,Chinnor,,0,100,E07000179,South Oxfordshire,,138198
E00145763,E05006575,Chinnor,,0,100,E07000179,South Oxfordshire,,138199
E00145764,E05006575,Chinnor,,0,100,E07000179,South Oxfordshire,,138200
E00145765,E05006575,Chinnor,,0,100,E07000179,South Oxfordshire,,138201
E00145766,E05006575,Chinnor,,0,100,E07000179,South Oxfordshire,,138202
E00145767,E05006575,Chinnor,,0,100,E07000179,South Oxfordshire,,138203
E00145768,E05006576,Cholsey and Wallingford South,,0,100,E07000179,South Oxfordshire,,138204
E00145769,E05006576,Cholsey and Wallingford South,,0,100,E07000179,South Oxfordshire,,138205
E00145770,E05006576,Cholsey and Wallingford South,,0,100,E07000179,South Oxfordshire,,138206
E00145771,E05006576,Cholsey and Wallingford South,,0,100,E07000179,South Oxfordshire,,138207
E00145772,E05006576,Cholsey and Wallingford South,,0,100,E07000179,South Oxfordshire,,138208
E00145773,E05006576,Cholsey and Wallingford South,,0,100,E07000179,South Oxfordshire,,138209
E00145784,E05006576,Cholsey and Wallingford South,,0,100,E07000179,South Oxfordshire,,138210
E00145687,E05006570,Benson,,0,100,E07000179,South Oxfordshire,,138212
E00173184,E05006576,Cholsey and Wallingford South,,0,100,E07000179,South Oxfordshire,,138213
E00145688,E05006570,Benson,,0,100,E07000179,South Oxfordshire,,138216
E00173189,E05006576,Cholsey and Wallingford South,,0,100,E07000179,South Oxfordshire,,138217
E00145689,E05006570,Benson,,0,100,E07000179,South Oxfordshire,,138221
E00145785,E05006577,Crowmarsh,,0,100,E07000179,South Oxfordshire,,138223
E00145690,E05006570,Benson,,0,100,E07000179,South Oxfordshire,,138226
E00145786,E05006577,Crowmarsh,,0,100,E07000179,South Oxfordshire,,138228
E00145691,E05006570,Benson,,0,100,E07000179,South Oxfordshire,,138231
E00145787,E05006577,Crowmarsh,,0,100,E07000179,South Oxfordshire,,138233
E00145693,E05006570,Benson,,0,100,E07000179,South Oxfordshire,,138236
E00145788,E05006577,Crowmarsh,,0,100,E07000179,South Oxfordshire,,138238
E00145694,E05006570,Benson,,0,100,E07000179,South Oxfordshire,,138241
E00145789,E05006577,Crowmarsh,,0,100,E07000179,South Oxfordshire,,138244
E00145695,E05006570,Benson,,0,100,E07000179,South Oxfordshire,,138247
E00145790,E05006577,Crowmarsh,,0,100,E07000179,South Oxfordshire,,138249
E00145696,E05006570,Benson,,0,100,E07000179,South Oxfordshire,,138251
E00173186,E05006577,Crowmarsh,,0,100,E07000179,South Oxfordshire,,138254
E00145697,E05006570,Benson,,0,100,E07000179,South Oxfordshire,,138256
E00173187,E05006577,Crowmarsh,,0,100,E07000179,South Oxfordshire,,138259
E00145698,E05006570,Benson,,0,100,E07000179,South Oxfordshire,,138261
E00145792,E05006578,Didcot All Saints,,0,100,E07000179,South Oxfordshire,,138264
E00145699,E05006570,Benson,,0,100,E07000179,South Oxfordshire,,138266
E00145794,E05006578,Didcot All Saints,,0,100,E07000179,South Oxfordshire,,138269
E00145700,E05006570,Benson,,0,100,E07000179,South Oxfordshire,,138271
E00145795,E05006578,Didcot All Saints,,0,100,E07000179,South Oxfordshire,,138274
E00145701,E05006570,Benson,,0,100,E07000179,South Oxfordshire,,138276
E00145796,E05006578,Didcot All Saints,,0,100,E07000179,South Oxfordshire,,138279
E00145702,E05006570,Benson,,0,100,E07000179,South Oxfordshire,,138281
E00145797,E05006578,Didcot All Saints,,0,100,E07000179,South Oxfordshire,,138284
E00173183,E05006570,Benson,,0,100,E07000179,South Oxfordshire,,138286
E00145798,E05006578,Didcot All Saints,,0,100,E07000179,South Oxfordshire,,138289
E00173185,E05006570,Benson,,0,100,E07000179,South Oxfordshire,,138291
E00145799,E05006578,Didcot All Saints,,0,100,E07000179,South Oxfordshire,,138294
E00145703,E05006571,Berinsfield,,0,100,E07000179,South Oxfordshire,,138296
E00145800,E05006578,Didcot All Saints,,0,100,E07000179,South Oxfordshire,,138318
E00145704,E05006571,Berinsfield,,0,100,E07000179,South Oxfordshire,,138319
E00145802,E05006578,Didcot All Saints,,0,100,E07000179,South Oxfordshire,,138321
E00145705,E05006571,Berinsfield,,0,100,E07000179,South Oxfordshire,,138322
E00145803,E05006578,Didcot All Saints,,0,100,E07000179,South Oxfordshire,,138324
E00145706,E05006571,Berinsfield,,0,100,E07000179,South Oxfordshire,,138325
E00145804,E05006578,Didcot All Saints,,0,100,E07000179,South Oxfordshire,,138328
E00145707,E05006571,Berinsfield,,0,100,E07000179,South Oxfordshire,,138329
E00145805,E05006578,Didcot All Saints,,0,100,E07000179,South Oxfordshire,,138332
E00145708,E05006571,Berinsfield,,0,100,E07000179,South Oxfordshire,,138333
E00145806,E05006578,Didcot All Saints,,0,100,E07000179,South Oxfordshire,,138336
E00145709,E05006571,Berinsfield,,0,100,E07000179,South Oxfordshire,,138337
E00145807,E05006578,Didcot All Saints,,0,100,E07000179,South Oxfordshire,,138340
E00145710,E05006571,Berinsfield,,0,100,E07000179,South Oxfordshire,,138341
E00145808,E05006578,Didcot All Saints,,0,100,E07000179,South Oxfordshire,,138344
E00145711,E05006571,Berinsfield,,0,100,E07000179,South Oxfordshire,,138345
E00173179,E05006578,Didcot All Saints,,0,100,E07000179,South Oxfordshire,,138348
E00145712,E05006571,Berinsfield,,0,100,E07000179,South Oxfordshire,,138349
E00145809,E05006579,Didcot Ladygrove,,0,100,E07000179,South Oxfordshire,,138368
E00145713,E05006571,Berinsfield,,0,100,E07000179,South Oxfordshire,,138369
E00145810,E05006579,Didcot Ladygrove,,0,100,E07000179,South Oxfordshire,,138370
E00145811,E05006579,Didcot Ladygrove,,0,100,E07000179,South Oxfordshire,,138371
E00145714,E05006571,Berinsfield,,0,100,E07000179,South Oxfordshire,,138372
E00145812,E05006579,Didcot Ladygrove,,0,100,E07000179,South Oxfordshire,,138373
E00145715,E05006571,Berinsfield,,0,100,E07000179,South Oxfordshire,,138375
E00145813,E05006579,Didcot Ladygrove,,0,100,E07000179,South Oxfordshire,,138376
E00145716,E05006571,Berinsfield,,0,100,E07000179,South Oxfordshire,,138378
E00145814,E05006579,Didcot Ladygrove,,0,100,E07000179,South Oxfordshire,,138379
E00145717,E05006571,Berinsfield,,0,100,E07000179,South Oxfordshire,,138381
E00145815,E05006579,Didcot Ladygrove,,0,100,E07000179,South Oxfordshire,,138382
E00145718,E05006571,Berinsfield,,0,100,E07000179,South Oxfordshire,,138384
E00145816,E05006579,Didcot Ladygrove,,0,100,E07000179,South Oxfordshire,,138385
E00145719,E05006571,Berinsfield,,0,100,E07000179,South Oxfordshire,,138387
E00145817,E05006579,Didcot Ladygrove,,0,100,E07000179,South Oxfordshire,,138388
E00145818,E05006579,Didcot Ladygrove,,0,100,E07000179,South Oxfordshire,,138390
E00145720,E05006571,Berinsfield,,0,100,E07000179,South Oxfordshire,,138391
E00145819,E05006579,Didcot Ladygrove,,0,100,E07000179,South Oxfordshire,,138393
E00145721,E05006571,Berinsfield,,0,100,E07000179,South Oxfordshire,,138394
E00145820,E05006579,Didcot Ladygrove,,0,100,E07000179,South Oxfordshire,,138396
E00145722,E05006571,Berinsfield,,0,100,E07000179,South Oxfordshire,,138397
E00145821,E05006579,Didcot Ladygrove,,0,100,E07000179,South Oxfordshire,,138399
E00145822,E05006579,Didcot Ladygrove,,0,100,E07000179,South Oxfordshire,,138400
E00145823,E05006579,Didcot Ladygrove,,0,100,E07000179,South Oxfordshire,,138402
E00145874,E05006582,Forest Hill and Holton,,0,100,E07000179,South Oxfordshire,,138403
E00145924,E05006586,Hagbourne,,0,100,E07000179,South Oxfordshire,,138404
E00146023,E05006592,Thame North,,0,100,E07000179,South Oxfordshire,,138433
E00146073,E05006595,Watlington,,0,100,E07000179,South Oxfordshire,,138450
E00145974,E05006589,Sandford,,0,100,E07000179,South Oxfordshire,,138456
E00145925,E05006586,Hagbourne,,0,100,E07000179,South Oxfordshire,,138458
E00145975,E05006589,Sandford,,0,100,E07000179,South Oxfordshire,,138459
E00145875,E05006582,Forest Hill and Holton,,0,100,E07000179,South Oxfordshire,,138460
E00146074,E05006595,Watlington,,0,100,E07000179,South Oxfordshire,,138461
E00145876,E05006582,Forest Hill and Holton,,0,100,E07000179,South Oxfordshire,,138462
E00146024,E05006592,Thame North,,0,100,E07000179,South Oxfordshire,,138463
E00145877,E05006582,Forest Hill and Holton,,0,100,E07000179,South Oxfordshire,,138464
E00145824,E05006579,Didcot Ladygrove,,0,100,E07000179,South Oxfordshire,,138465
E00146075,E05006595,Watlington,,0,100,E07000179,South Oxfordshire,,138466
E00145878,E05006582,Forest Hill and Holton,,0,100,E07000179,South Oxfordshire,,138467
E00146025,E05006592,Thame North,,0,100,E07000179,South Oxfordshire,,138468
E00145926,E05006586,Hagbourne,,0,100,E07000179,South Oxfordshire,,138469
E00145976,E05006589,Sandford,,0,100,E07000179,South Oxfordshire,,138471
E00145825,E05006579,Didcot Ladygrove,,0,100,E07000179,South Oxfordshire,,138472
E00146076,E05006595,Watlington,,0,100,E07000179,South Oxfordshire,,138473
E00145879,E05006583,Garsington,,0,100,E07000179,South Oxfordshire,,138474
E00146026,E05006592,Thame North,,0,100,E07000179,South Oxfordshire,,138475
E00145927,E05006586,Hagbourne,,0,100,E07000179,South Oxfordshire,,138476
E00145977,E05006589,Sandford,,0,100,E07000179,South Oxfordshire,,138478
E00145826,E05006579,Didcot Ladygrove,,0,100,E07000179,South Oxfordshire,,138479
E00146077,E05006595,Watlington,,0,100,E07000179,South Oxfordshire,,138480
E00145880,E05006583,Garsington,,0,100,E07000179,South Oxfordshire,,138481
E00146027,E05006592,Thame North,,0,100,E07000179,South Oxfordshire,,138482
E00145928,E05006587,Henley North,,0,100,E07000179,South Oxfordshire,,138483
E00145978,E05006590,Shiplake,,0,100,E07000179,South Oxfordshire,,138485
E00145827,E05006579,Didcot Ladygrove,,0,100,E07000179,South Oxfordshire,,138486
E00146078,E05006595,Watlington,,0,100,E07000179,South Oxfordshire,,138487
E00145881,E05006583,Garsington,,0,100,E07000179,South Oxfordshire,,138488
E00146028,E05006593,Thame South,,0,100,E07000179,South Oxfordshire,,138489
E00145929,E05006587,Henley North,,0,100,E07000179,South Oxfordshire,,138490
E00145979,E05006590,Shiplake,,0,100,E07000179,South Oxfordshire,,138492
E00145828,E05006579,Didcot Ladygrove,,0,100,E07000179,South Oxfordshire,,138493
E00146079,E05006595,Watlington,,0,100,E07000179,South Oxfordshire,,138494
E00145882,E05006583,Garsington,,0,100,E07000179,South Oxfordshire,,138495
E00146029,E05006593,Thame South,,0,100,E07000179,South Oxfordshire,,138496
E00145930,E05006587,Henley North,,0,100,E07000179,South Oxfordshire,,138497
E00145980,E05006590,Shiplake,,0,100,E07000179,South Oxfordshire,,138499
E00145829,E05006579,Didcot Ladygrove,,0,100,E07000179,South Oxfordshire,,138500
E00146080,E05006595,Watlington,,0,100,E07000179,South Oxfordshire,,138501
E00145883,E05006583,Garsington,,0,100,E07000179,South Oxfordshire,,138502
E00146030,E05006593,Thame South,,0,100,E07000179,South Oxfordshire,,138503
E00145931,E05006587,Henley North,,0,100,E07000179,South Oxfordshire,,138504
E00145932,E05006587,Henley North,,0,100,E07000179,South Oxfordshire,,138505
E00145933,E05006587,Henley North,,0,100,E07000179,South Oxfordshire,,138506
E00145934,E05006587,Henley North,,0,100,E07000179,South Oxfordshire,,138507
E00145935,E05006587,Henley North,,0,100,E07000179,South Oxfordshire,,138508
E00145936,E05006587,Henley North,,0,100,E07000179,South Oxfordshire,,138509
E00145937,E05006587,Henley North,,0,100,E07000179,South Oxfordshire,,138510
E00145938,E05006587,Henley North,,0,100,E07000179,South Oxfordshire,,138511
E00145939,E05006587,Henley North,,0,100,E07000179,South Oxfordshire,,138512
E00145940,E05006587,Henley North,,0,100,E07000179,South Oxfordshire,,138513
E00145941,E05006587,Henley North,,0,100,E07000179,South Oxfordshire,,138514
E00145942,E05006587,Henley North,,0,100,E07000179,South Oxfordshire,,138515
E00145943,E05006587,Henley North,,0,100,E07000179,South Oxfordshire,,138516
E00145944,E05006587,Henley North,,0,100,E07000179,South Oxfordshire,,138517
E00145945,E05006587,Henley North,,0,100,E07000179,South Oxfordshire,,138518
E00145946,E05006587,Henley North,,0,100,E07000179,South Oxfordshire,,138519
E00145947,E05006587,Henley North,,0,100,E07000179,South Oxfordshire,,138520
E00145948,E05006587,Henley North,,0,100,E07000179,South Oxfordshire,,138521
E00145949,E05006588,Henley South,,0,100,E07000179,South Oxfordshire,,138522
E00145950,E05006588,Henley South,,0,100,E07000179,South Oxfordshire,,138523
E00145951,E05006588,Henley South,,0,100,E07000179,South Oxfordshire,,138524
E00145952,E05006588,Henley South,,0,100,E07000179,South Oxfordshire,,138525
E00145953,E05006588,Henley South,,0,100,E07000179,South Oxfordshire,,138526
E00145954,E05006588,Henley South,,0,100,E07000179,South Oxfordshire,,138527
E00145955,E05006588,Henley South,,0,100,E07000179,South Oxfordshire,,138528
E00145956,E05006588,Henley South,,0,100,E07000179,South Oxfordshire,,138529
E00145957,E05006588,Henley South,,0,100,E07000179,South Oxfordshire,,138530
E00145958,E05006588,Henley South,,0,100,E07000179,South Oxfordshire,,138531
E00145959,E05006588,Henley South,,0,100,E07000179,South Oxfordshire,,138532
E00145960,E05006588,Henley South,,0,100,E07000179,South Oxfordshire,,138533
E00145961,E05006588,Henley South,,0,100,E07000179,South Oxfordshire,,138534
E00145962,E05006588,Henley South,,0,100,E07000179,South Oxfordshire,,138535
E00145963,E05006588,Henley South,,0,100,E07000179,South Oxfordshire,,138536
E00145964,E05006588,Henley South,,0,100,E07000179,South Oxfordshire,,138537
E00145965,E05006588,Henley South,,0,100,E07000179,South Oxfordshire,,138538
E00145966,E05006588,Henley South,,0,100,E07000179,South Oxfordshire,,138539
E00145967,E05006588,Henley South,,0,100,E07000179,South Oxfordshire,,138540
E00145968,E05006588,Henley South,,0,100,E07000179,South Oxfordshire,,138541
E00145969,E05006589,Sandford,,0,100,E07000179,South Oxfordshire,,138542
E00145970,E05006589,Sandford,,0,100,E07000179,South Oxfordshire,,138543
E00145971,E05006589,Sandford,,0,100,E07000179,South Oxfordshire,,138544
E00145972,E05006589,Sandford,,0,100,E07000179,South Oxfordshire,,138545
E00145973,E05006589,Sandford,,0,100,E07000179,South Oxfordshire,,138546
E00145884,E05006583,Garsington,,0,100,E07000179,South Oxfordshire,,138547
E00145830,E05006579,Didcot Ladygrove,,0,100,E07000179,South Oxfordshire,,138549
E00146031,E05006593,Thame South,,0,100,E07000179,South Oxfordshire,,138550
E00145981,E05006590,Shiplake,,0,100,E07000179,South Oxfordshire,,138551
E00145885,E05006583,Garsington,,0,100,E07000179,South Oxfordshire,,138552
E00146081,E05006595,Watlington,,0,100,E07000179,South Oxfordshire,,138596
E00145831,E05006579,Didcot Ladygrove,,0,100,E07000179,South Oxfordshire,,138597
E00145886,E05006583,Garsington,,0,100,E07000179,South Oxfordshire,,138598
E00146082,E05006595,Watlington,,0,100,E07000179,South Oxfordshire,,138599
E00145982,E05006590,Shiplake,,0,100,E07000179,South Oxfordshire,,138600
E00146032,E05006593,Thame South,,0,100,E07000179,South Oxfordshire,,138601
E00145832,E05006579,Didcot Ladygrove,,0,100,E07000179,South Oxfordshire,,138602
E00145887,E05006583,Garsington,,0,100,E07000179,South Oxfordshire,,138603
E00145888,E05006583,Garsington,,0,100,E07000179,South Oxfordshire,,138604
E00145889,E05006584,Goring,,0,100,E07000179,South Oxfordshire,,138605
E00145890,E05006584,Goring,,0,100,E07000179,South Oxfordshire,,138606
E00145891,E05006584,Goring,,0,100,E07000179,South Oxfordshire,,138607
E00145892,E05006584,Goring,,0,100,E07000179,South Oxfordshire,,138608
E00145893,E05006584,Goring,,0,100,E07000179,South Oxfordshire,,138609
E00145894,E05006584,Goring,,0,100,E07000179,South Oxfordshire,,138610
E00145895,E05006584,Goring,,0,100,E07000179,South Oxfordshire,,138611
E00145896,E05006584,Goring,,0,100,E07000179,South Oxfordshire,,138612
E00145897,E05006584,Goring,,0,100,E07000179,South Oxfordshire,,138613
E00145898,E05006584,Goring,,0,100,E07000179,South Oxfordshire,,138614
E00145899,E05006584,Goring,,0,100,E07000179,South Oxfordshire,,138615
E00145900,E05006584,Goring,,0,100,E07000179,South Oxfordshire,,138616
E00145901,E05006584,Goring,,0,100,E07000179,South Oxfordshire,,138617
E00145902,E05006584,Goring,,0,100,E07000179,South Oxfordshire,,138618
E00145903,E05006584,Goring,,0,100,E07000179,South Oxfordshire,,138619
E00145904,E05006584,Goring,,0,100,E07000179,South Oxfordshire,,138620
E00145905,E05006584,Goring,,0,100,E07000179,South Oxfordshire,,138621
E00145906,E05006584,Goring,,0,100,E07000179,South Oxfordshire,,138622
E00145907,E05006584,Goring,,0,100,E07000179,South Oxfordshire,,138623
E00145908,E05006584,Goring,,0,100,E07000179,South Oxfordshire,,138624
E00145909,E05006585,Great Milton,,0,100,E07000179,South Oxfordshire,,138625
E00145910,E05006585,Great Milton,,0,100,E07000179,South Oxfordshire,,138626
E00145911,E05006585,Great Milton,,0,100,E07000179,South Oxfordshire,,138627
E00145912,E05006585,Great Milton,,0,100,E07000179,South Oxfordshire,,138628
E00145913,E05006585,Great Milton,,0,100,E07000179,South Oxfordshire,,138629
E00145914,E05006585,Great Milton,,0,100,E07000179,South Oxfordshire,,138630
E00145915,E05006585,Great Milton,,0,100,E07000179,South Oxfordshire,,138631
E00145916,E05006585,Great Milton,,0,100,E07000179,South Oxfordshire,,138632
E00145917,E05006585,Great Milton,,0,100,E07000179,South Oxfordshire,,138633
E00145918,E05006585,Great Milton,,0,100,E07000179,South Oxfordshire,,138634
E00145919,E05006586,Hagbourne,,0,100,E07000179,South Oxfordshire,,138635
E00145920,E05006586,Hagbourne,,0,100,E07000179,South Oxfordshire,,138636
E00145921,E05006586,Hagbourne,,0,100,E07000179,South Oxfordshire,,138637
E00145922,E05006586,Hagbourne,,0,100,E07000179,South Oxfordshire,,138638
E00145923,E05006586,Hagbourne,,0,100,E07000179,South Oxfordshire,,138639
E00145983,E05006590,Shiplake,,0,100,E07000179,South Oxfordshire,,138640
E00146083,E05006596,Wheatley,,0,100,E07000179,South Oxfordshire,,138641
E00145833,E05006580,Didcot Northbourne,,0,100,E07000179,South Oxfordshire,,138642
E00145984,E05006590,Shiplake,,0,100,E07000179,South Oxfordshire,,138643
E00146033,E05006593,Thame South,,0,100,E07000179,South Oxfordshire,,138644
E00146084,E05006596,Wheatley,,0,100,E07000179,South Oxfordshire,,138645
E00145835,E05006580,Didcot Northbourne,,0,100,E07000179,South Oxfordshire,,138646
E00145985,E05006590,Shiplake,,0,100,E07000179,South Oxfordshire,,138647
E00146034,E05006593,Thame South,,0,100,E07000179,South Oxfordshire,,138648
E00146085,E05006596,Wheatley,,0,100,E07000179,South Oxfordshire,,138649
E00145836,E05006580,Didcot Northbourne,,0,100,E07000179,South Oxfordshire,,138650
E00145986,E05006590,Shiplake,,0,100,E07000179,South Oxfordshire,,138651
E00146035,E05006593,Thame South,,0,100,E07000179,South Oxfordshire,,138652
E00146086,E05006596,Wheatley,,0,100,E07000179,South Oxfordshire,,138653
E00146087,E05006596,Wheatley,,0,100,E07000179,South Oxfordshire,,138654
E00146088,E05006596,Wheatley,,0,100,E07000179,South Oxfordshire,,138655
E00146089,E05006596,Wheatley,,0,100,E07000179,South Oxfordshire,,138656
E00146090,E05006596,Wheatley,,0,100,E07000179,South Oxfordshire,,138657
E00146091,E05006596,Wheatley,,0,100,E07000179,South Oxfordshire,,138658
E00146092,E05006596,Wheatley,,0,100,E07000179,South Oxfordshire,,138659
E00146093,E05006596,Wheatley,,0,100,E07000179,South Oxfordshire,,138660
E00146094,E05006596,Wheatley,,0,100,E07000179,South Oxfordshire,,138661
E00146095,E05006596,Wheatley,,0,100,E07000179,South Oxfordshire,,138662
E00146096,E05006596,Wheatley,,0,100,E07000179,South Oxfordshire,,138663
E00146097,E05006596,Wheatley,,0,100,E07000179,South Oxfordshire,,138664
E00146098,E05006596,Wheatley,,0,100,E07000179,South Oxfordshire,,138665
E00146099,E05006596,Wheatley,,0,100,E07000179,South Oxfordshire,,138666
E00146100,E05006597,Woodcote,,0,100,E07000179,South Oxfordshire,,138667
E00146101,E05006597,Woodcote,,0,100,E07000179,South Oxfordshire,,138668
E00146102,E05006597,Woodcote,,0,100,E07000179,South Oxfordshire,,138669
E00146103,E05006597,Woodcote,,0,100,E07000179,South Oxfordshire,,138670
E00146104,E05006597,Woodcote,,0,100,E07000179,South Oxfordshire,,138671
E00146105,E05006597,Woodcote,,0,100,E07000179,South Oxfordshire,,138672
E00146106,E05006597,Woodcote,,0,100,E07000179,South Oxfordshire,,138673
E00146107,E05006597,Woodcote,,0,100,E07000179,South Oxfordshire,,138674
E00145837,E05006580,Didcot Northbourne,,0,100,E07000179,South Oxfordshire,,138690
E00146036,E05006593,Thame South,,0,100,E07000179,South Oxfordshire,,138691
E00145987,E05006590,Shiplake,,0,100,E07000179,South Oxfordshire,,138692
E00145838,E05006580,Didcot Northbourne,,0,100,E07000179,South Oxfordshire,,138693
E00146037,E05006593,Thame South,,0,100,E07000179,South Oxfordshire,,138694
E00145989,E05006590,Shiplake,,0,100,E07000179,South Oxfordshire,,138695
E00145839,E05006580,Didcot Northbourne,,0,100,E07000179,South Oxfordshire,,138696
E00146038,E05006593,Thame South,,0,100,E07000179,South Oxfordshire,,138697
E00145990,E05006590,Shiplake,,0,100,E07000179,South Oxfordshire,,138698
E00145841,E05006580,Didcot Northbourne,,0,100,E07000179,South Oxfordshire,,138699
E00146039,E05006593,Thame South,,0,100,E07000179,South Oxfordshire,,138700
E00146040,E05006593,Thame South,,0,100,E07000179,South Oxfordshire,,138701
E00146041,E05006593,Thame South,,0,100,E07000179,South Oxfordshire,,138702
E00146042,E05006593,Thame South,,0,100,E07000179,South Oxfordshire,,138703
E00146043,E05006593,Thame South,,0,100,E07000179,South Oxfordshire,,138704
E00146044,E05006593,Thame South,,0,100,E07000179,South Oxfordshire,,138705
E00146045,E05006593,Thame South,,0,100,E07000179,South Oxfordshire,,138706
E00146046,E05006594,Wallingford North,,0,100,E07000179,South Oxfordshire,,138707
E00146047,E05006594,Wallingford North,,0,100,E07000179,South Oxfordshire,,138708
E00146048,E05006594,Wallingford North,,0,100,E07000179,South Oxfordshire,,138709
E00146049,E05006594,Wallingford North,,0,100,E07000179,South Oxfordshire,,138710
E00146050,E05006594,Wallingford North,,0,100,E07000179,South Oxfordshire,,138711
E00146051,E05006594,Wallingford North,,0,100,E07000179,South Oxfordshire,,138712
E00146052,E05006594,Wallingford North,,0,100,E07000179,South Oxfordshire,,138713
E00146053,E05006594,Wallingford North,,0,100,E07000179,South Oxfordshire,,138714
E00146054,E05006594,Wallingford North,,0,100,E07000179,South Oxfordshire,,138715
E00146055,E05006594,Wallingford North,,0,100,E07000179,South Oxfordshire,,138716
E00146056,E05006594,Wallingford North,,0,100,E07000179,South Oxfordshire,,138717
E00146057,E05006594,Wallingford North,,0,100,E07000179,South Oxfordshire,,138718
E00146058,E05006594,Wallingford North,,0,100,E07000179,South Oxfordshire,,138719
E00146059,E05006594,Wallingford North,,0,100,E07000179,South Oxfordshire,,138720
E00146060,E05006594,Wallingford North,,0,100,E07000179,South Oxfordshire,,138721
E00146061,E05006594,Wallingford North,,0,100,E07000179,South Oxfordshire,,138722
E00146062,E05006594,Wallingford North,,0,100,E07000179,South Oxfordshire,,138723
E00146063,E05006594,Wallingford North,,0,100,E07000179,South Oxfordshire,,138724
E00146064,E05006594,Wallingford North,,0,100,E07000179,South Oxfordshire,,138725
E00146065,E05006595,Watlington,,0,100,E07000179,South Oxfordshire,,138726
E00146066,E05006595,Watlington,,0,100,E07000179,South Oxfordshire,,138727
E00146067,E05006595,Watlington,,0,100,E07000179,South Oxfordshire,,138728
E00146068,E05006595,Watlington,,0,100,E07000179,South Oxfordshire,,138729
E00146069,E05006595,Watlington,,0,100,E07000179,South Oxfordshire,,138730
E00146070,E05006595,Watlington,,0,100,E07000179,South Oxfordshire,,138731
E00146071,E05006595,Watlington,,0,100,E07000179,South Oxfordshire,,138732
E00146072,E05006595,Watlington,,0,100,E07000179,South Oxfordshire,,138733
E00145842,E05006580,Didcot Northbourne,,0,100,E07000179,South Oxfordshire,,138734
E00145843,E05006580,Didcot Northbourne,,0,100,E07000179,South Oxfordshire,,138735
E00145844,E05006580,Didcot Northbourne,,0,100,E07000179,South Oxfordshire,,138736
E00145845,E05006580,Didcot Northbourne,,0,100,E07000179,South Oxfordshire,,138737
E00145846,E05006580,Didcot Northbourne,,0,100,E07000179,South Oxfordshire,,138738
E00145847,E05006580,Didcot Northbourne,,0,100,E07000179,South Oxfordshire,,138739
E00145848,E05006580,Didcot Northbourne,,0,100,E07000179,South Oxfordshire,,138740
E00145849,E05006580,Didcot Northbourne,,0,100,E07000179,South Oxfordshire,,138741
E00145850,E05006580,Didcot Northbourne,,0,100,E07000179,South Oxfordshire,,138742
E00173182,E05006580,Didcot Northbourne,,0,100,E07000179,South Oxfordshire,,138743
E00145851,E05006581,Didcot Park,,0,100,E07000179,South Oxfordshire,,138744
E00145852,E05006581,Didcot Park,,0,100,E07000179,South Oxfordshire,,138745
E00145853,E05006581,Didcot Park,,0,100,E07000179,South Oxfordshire,,138746
E00145854,E05006581,Didcot Park,,0,100,E07000179,South Oxfordshire,,138747
E00145855,E05006581,Didcot Park,,0,100,E07000179,South Oxfordshire,,138748
E00145856,E05006581,Didcot Park,,0,100,E07000179,South Oxfordshire,,138749
E00145857,E05006581,Didcot Park,,0,100,E07000179,South Oxfordshire,,138750
E00145858,E05006581,Didcot Park,,0,100,E07000179,South Oxfordshire,,138751
E00145859,E05006581,Didcot Park,,0,100,E07000179,South Oxfordshire,,138752
E00145860,E05006581,Didcot Park,,0,100,E07000179,South Oxfordshire,,138753
E00145861,E05006581,Didcot Park,,0,100,E07000179,South Oxfordshire,,138754
E00145862,E05006581,Didcot Park,,0,100,E07000179,South Oxfordshire,,138755
E00145863,E05006581,Didcot Park,,0,100,E07000179,South Oxfordshire,,138756
E00145864,E05006581,Didcot Park,,0,100,E07000179,South Oxfordshire,,138757
E00145865,E05006581,Didcot Park,,0,100,E07000179,South Oxfordshire,,138758
E00145866,E05006581,Didcot Park,,0,100,E07000179,South Oxfordshire,,138759
E00145867,E05006581,Didcot Park,,0,100,E07000179,South Oxfordshire,,138760
E00145868,E05006581,Didcot Park,,0,100,E07000179,South Oxfordshire,,138761
E00145869,E05006582,Forest Hill and Holton,,0,100,E07000179,South Oxfordshire,,138762
E00145870,E05006582,Forest Hill and Holton,,0,100,E07000179,South Oxfordshire,,138763
E00145871,E05006582,Forest Hill and Holton,,0,100,E07000179,South Oxfordshire,,138764
E00145872,E05006582,Forest Hill and Holton,,0,100,E07000179,South Oxfordshire,,138765
E00145873,E05006582,Forest Hill and Holton,,0,100,E07000179,South Oxfordshire,,138766
E00145991,E05006590,Shiplake,,0,100,E07000179,South Oxfordshire,,138767
E00145992,E05006590,Shiplake,,0,100,E07000179,South Oxfordshire,,138768
E00173180,E05006590,Shiplake,,0,100,E07000179,South Oxfordshire,,138769
E00173181,E05006590,Shiplake,,0,100,E07000179,South Oxfordshire,,138770
E00145993,E05006591,Sonning Common,,0,100,E07000179,South Oxfordshire,,138771
E00145994,E05006591,Sonning Common,,0,100,E07000179,South Oxfordshire,,138772
E00145995,E05006591,Sonning Common,,0,100,E07000179,South Oxfordshire,,138773
E00145996,E05006591,Sonning Common,,0,100,E07000179,South Oxfordshire,,138774
E00145997,E05006591,Sonning Common,,0,100,E07000179,South Oxfordshire,,138775
E00145998,E05006591,Sonning Common,,0,100,E07000179,South Oxfordshire,,138776
E00145999,E05006591,Sonning Common,,0,100,E07000179,South Oxfordshire,,138777
E00146000,E05006591,Sonning Common,,0,100,E07000179,South Oxfordshire,,138778
E00146001,E05006591,Sonning Common,,0,100,E07000179,South Oxfordshire,,138779
E00146002,E05006591,Sonning Common,,0,100,E07000179,South Oxfordshire,,138780
E00146003,E05006591,Sonning Common,,0,100,E07000179,South Oxfordshire,,138781
E00146004,E05006591,Sonning Common,,0,100,E07000179,South Oxfordshire,,138782
E00146005,E05006591,Sonning Common,,0,100,E07000179,South Oxfordshire,,138783
E00146006,E05006591,Sonning Common,,0,100,E07000179,South Oxfordshire,,138784
E00146007,E05006591,Sonning Common,,0,100,E07000179,South Oxfordshire,,138785
E00146008,E05006591,Sonning Common,,0,100,E07000179,South Oxfordshire,,138786
E00146009,E05006591,Sonning Common,,0,100,E07000179,South Oxfordshire,,138787
E00146010,E05006592,Thame North,,0,100,E07000179,South Oxfordshire,,138788
E00146011,E05006592,Thame North,,0,100,E07000179,South Oxfordshire,,138789
E00146012,E05006592,Thame North,,0,100,E07000179,South Oxfordshire,,138790
E00146013,E05006592,Thame North,,0,100,E07000179,South Oxfordshire,,138791
E00146014,E05006592,Thame North,,0,100,E07000179,South Oxfordshire,,138792
E00146015,E05006592,Thame North,,0,100,E07000179,South Oxfordshire,,138793
E00146016,E05006592,Thame North,,0,100,E07000179,South Oxfordshire,,138794
E00146017,E05006592,Thame North,,0,100,E07000179,South Oxfordshire,,138795
E00146018,E05006592,Thame North,,0,100,E07000179,South Oxfordshire,,138796
E00146019,E05006592,Thame North,,0,100,E07000179,South Oxfordshire,,138797
E00146020,E05006592,Thame North,,0,100,E07000179,South Oxfordshire,,138798
E00146021,E05006592,Thame North,,0,100,E07000179,South Oxfordshire,,138799
E00146022,E05006592,Thame North,,0,100,E07000179,South Oxfordshire,,138800
